{
"sagir":{
"sounds":[{"name":"sagir","stream":true}],"category":"master"},
"Sonkorkutucu":{
"sounds":[{"name":"Sonkorkutucu","stream":true}],"category":"master"},
"Boo":{
"sounds":[{"name":"Boo","stream":true}],"category":"master"},
"BUM":{
"sounds":[{"name":"BUM","stream":true}],"category":"master"},
"Korkutucu":{
"sounds":[{"name":"Korkutucu","stream":true}],"category":"master"},
"korkuu":{
"sounds":[{"name":"korkuu","stream":true}],"category":"master"},
"Korkuv2":{
"sounds":[{"name":"Korkuv2","stream":true}],"category":"master"},
"urkutucu":{
"sounds":[{"name":"urkutucu","stream":true}],"category":"master"},
"ani":{
"sounds":[{"name":"ani","stream":true}],"category":"master"},
"aglama":{
"sounds":[{"name":"aglama","stream":true}],"category":"master"},
"EasterLIVING1":{
"sounds":[{"name":"EasterLIVING1","stream":true}],"category":"master"},
"UpstairsSTUDY1":{
"sounds":[{"name":"UpstairsSTUDY1","stream":true}],"category":"master"},
"UpstairsHALLWAY4":{
"sounds":[{"name":"UpstairsHALLWAY4","stream":true}],"category":"master"},
"jumpscare1":{
"sounds":[{"name":"jumpscare1","stream":true}],"category":"master"},
"jumpscare2":{
"sounds":[{"name":"jumpscare2","stream":true}],"category":"master"},
"jumpscare3":{
"sounds":[{"name":"jumpscare3","stream":true}],"category":"master"},
"gerilim1":{
"sounds":[{"name":"gerilim1","stream":true}],"category":"master"},
"gerilim2":{
"sounds":[{"name":"gerilim2","stream":true}],"category":"master"},
"UpstairsATTIC5":{
"sounds":[{"name":"UpstairsATTIC5","stream":true}],"category":"master"},
"UpstairsHALLWAY6":{
"sounds":[{"name":"UpstairsHALLWAY6","stream":true}],"category":"master"},
"DownstairsHALLWAY1":{
"sounds":[{"name":"DownstairsHALLWAY1","stream":true}],"category":"master"},
"DownstairsHALLWAY2":{
"sounds":[{"name":"DownstairsHALLWAY2","stream":true}],"category":"master"},
"DownstairsKITCHEN1":{
"sounds":[{"name":"DownstairsKITCHEN1","stream":true}],"category":"master"},
"DownstairsKITCHEN2":{
"sounds":[{"name":"DownstairsKITCHEN2","stream":true}],"category":"master"},
"DownstairsKITCHEN3":{
"sounds":[{"name":"DownstairsKITCHEN3","stream":true}],"category":"master"},
"blackroom1":{
"sounds":[{"name":"blackroom1","stream":true}],"category":"master"},
"blackroom2":{
"sounds":[{"name":"blackroom2","stream":true}],"category":"master"},
"whiteroom1":{
"sounds":[{"name":"whiteroom1","stream":true}],"category":"master"},
"whiteroom2":{
"sounds":[{"name":"whiteroom2","stream":true}],"category":"master"},
"flush":{
"sounds":[{"name":"flush","stream":true}],"category":"master"},
"weeping3":{
"sounds":[{"name":"weeping3","stream":true}],"category":"master"},
"weeping2":{
"sounds":[{"name":"weeping2","stream":true}],"category":"master"},
"weeping1":{
"sounds":[{"name":"weeping1","stream":true}],"category":"master"},
"nyancat":{
"sounds":[{"name":"nyancat","stream":true}],"category":"master"},
"lowroar":{
"sounds":[{"name":"lowroar","stream":true}],"category":"master"},
"doorslam":{
"sounds":[{"name":"doorslam","stream":true}],"category":"master"},
"footstepstoward":{
"sounds":[{"name":"footstepstoward","stream":true}],"category":"master"},
"footstepsaway":{
"sounds":[{"name":"footstepsaway","stream":true}],"category":"master"},
"growl":{
"sounds":[{"name":"growl","stream":true}],"category":"master"},
"KitchenCUTSCENE1":{
"sounds":[{"name":"KitchenCUTSCENE1","stream":true}],"category":"master"},
"KitchenCUTSCENE2":{
"sounds":[{"name":"KitchenCUTSCENE2","stream":true}],"category":"master"},
"KitchenCUTSCENE3":{
"sounds":[{"name":"KitchenCUTSCENE3","stream":true}],"category":"master"},
"StartingCUTSCENE1":{
"sounds":[{"name":"StartingCUTSCENE1","stream":true}],"category":"master"},
"lightswitch":{
"sounds":[{"name":"lightswitch","stream":false}],"category":"master"},
"LOUDroar":{
"sounds":[{"name":"LOUDroar","stream":true}],"category":"master"},
"SecondWHITEROOM1":{
"sounds":[{"name":"SecondWHITEROOM1","stream":true}],"category":"master"},
"Fizz":{
"sounds":[{"name":"Fizz","stream":false},{"name":"Fizz1","stream":false}],"category":"master"},
"lightning":{
"sounds":[{"name":"lightning","stream":true}],"category":"master"}
}